{
    "A": [
        [
            1669.400049966094,
            -28.509888697975782,
            -57.03293173509813
        ],
        [
            -25.77939459448434,
            -1660.3224342665435,
            -16.087093961750696
        ],
        [
            144.46258406285523,
            -44.64796847037519,
            1691.483993004747
        ]
    ],
    "b": [
        311.09683333333237,
        116.57800000000043,
        -1858.5268333333656
    ],
    "C": [
        [
            0.0005971175640957213,
            -1.079193344504583e-05,
            2.0030786317612445e-05
        ],
        [
            -8.774924834955006e-06,
            -0.0006019800600252726,
            -6.021085342775046e-06
        ],
        [
            -5.1228938153896736e-05,
            -1.4968014035014409e-05,
            0.000589327168179952
        ]
    ],
    "o": [
        -0.1472755274366859,
        0.06171713409118136,
        1.1129624572496863
    ],
    "gyro_bias": [
        -186.587,
        81.978,
        887.565
    ],
    "gyro_scale": 65.5
}