{
    "A": [
        [
            1673.8370901378141,
            37.799809313068124,
            -47.60718492043665
        ],
        [
            -40.571550937374134,
            1659.9048604773304,
            -32.02683893072529
        ],
        [
            90.77314883267991,
            48.25903850958298,
            1691.4509032136361
        ]
    ],
    "b": [
        242.44833333333247,
        176.15399999999863,
        -1666.1779999999658
    ],
    "C": [
        [
            0.0005961934151525817,
            -1.4056802633620443e-05,
            1.6514162578776096e-05
        ],
        [
            1.3947209675238649e-05,
            0.0006017838672845617,
            1.1787053553186505e-05
        ],
        [
            -3.239315574068853e-05,
            -1.6415215206900584e-05,
            0.0005899858658002145
        ]
    ],
    "o": [
        -0.1145544034597488,
        -0.08974878378291522,
        0.993766742347543
    ],
    "gyro_bias": [
        -163.114,
        80.188,
        699.349
    ],
    "gyro_scale": 65.5
}