{
    "A": [
        [
            1666.1869241790005,
            62.03254934151806,
            -55.65687569149503
        ],
        [
            -57.4274599378993,
            1659.3217867467486,
            13.272269327446345
        ],
        [
            -163.90709365583535,
            46.112994753560315,
            -1689.550815008184
        ]
    ],
    "b": [
        176.8066666666654,
        410.52449999999885,
        -1900.6223333332996
    ],
    "C": [
        [
            0.0005974689581563919,
            -2.1784230772321652e-05,
            -1.9852839827949404e-05
        ],
        [
            2.113679992812185e-05,
            0.000601753660132094,
            4.030792290731603e-06
        ],
        [
            -5.738490874353012e-05,
            1.8537029515667165e-05,
            -0.000589837309400134
        ]
    ],
    "o": [
        -0.13442628523983455,
        -0.24311073373939637,
        -1.1185218336206082
    ],
    "gyro_bias": [
        -168.302,
        78.101,
        812.751
    ],
    "gyro_scale": 65.5
}