{
    "A": [
        [
            -15.76741292898187,
            -156.3281038886878,
            1682.9732885338015
        ],
        [
            8.79092248627202,
            1660.2054218311046,
            66.29246480704455
        ],
        [
            1669.2254235646224,
            -21.92267491956956,
            63.300005608439065
        ]
    ],
    "b": [
        -936.4925000000006,
        -313.10733333333303,
        39.649166666700175
    ],
    "C": [
        [
            -2.2750481313183215e-05,
            5.765265695963156e-06,
            0.0005988349971499568
        ],
        [
            -2.3509856530055813e-05,
            0.0006000767045318638,
            -3.3823576680918605e-06
        ],
        [
            0.0005917895662743669,
            5.579396736232053e-05,
            5.296175035094069e-06
        ]
    ],
    "o": [
        -0.04324381676101664,
        0.16600572009786152,
        0.5714660018044386
    ],
    "gyro_bias": [
        -38.741,
        57.638,
        -16.246
    ],
    "gyro_scale": 57.143
}