{
    "A": [
        [
            1676.1522028419483,
            -32.154813315454476,
            -5.389200185588348
        ],
        [
            27.482065741104282,
            1660.9035705363206,
            -26.892771741624074
        ],
        [
            34.82381853130278,
            -31.188632203657562,
            1688.0399524812244
        ]
    ],
    "b": [
        410.03499999999894,
        228.43099999999913,
        -1252.7006666666337
    ],
    "C": [
        [
            0.0005963711958255211,
            1.158486442783522e-05,
            2.0885245451422986e-06
        ],
        [
            -1.0070047127218174e-05,
            0.000602066470161879,
            9.559588107960574e-06
        ],
        [
            -1.2489036924665308e-05,
            1.0884932229524887e-05,
            0.0005925365798407456
        ]
    ],
    "o": [
        -0.24456310935638237,
        -0.12142627167583814,
        0.7449054548921515
    ],
    "gyro_bias": [
        -143.799,
        48.377,
        850.153
    ],
    "gyro_scale": 65.5
}