{
    "A": [
        [
            1674.061172775616,
            8.369116874774079,
            -89.21986611126125
        ],
        [
            50.7652460320293,
            1661.0587713439343,
            -51.40552584215798
        ],
        [
            -66.89134413892583,
            -20.911932209265842,
            -1687.268945052593
        ]
    ],
    "b": [
        245.93566666666536,
        180.08633333333228,
        -1845.775333333301
    ],
    "C": [
        [
            0.0005961972665110525,
            -3.3994858694753906e-06,
            -3.142231005362935e-05
        ],
        [
            -1.8945179220887655e-05,
            0.0006019028574102943,
            -1.7336208684040234e-05
        ],
        [
            -2.3401281900608534e-05,
            -7.32518405425386e-06,
            -0.0005912131487684689
        ]
    ],
    "o": [
        -0.20401249607212701,
        -0.135733929694587,
        -1.084172271336748
    ],
    "gyro_bias": [
        -159.268,
        63.828,
        865.46
    ],
    "gyro_scale": 65.5
}