{
    "A": [
        [
            1673.707229278092,
            0.15520080761496047,
            -44.75391698490311
        ],
        [
            3.1380236880076415,
            1656.297410430678,
            -1.1744581482972194
        ],
        [
            109.52629083326127,
            90.91805050654466,
            1693.313873748936
        ]
    ],
    "b": [
        278.73799999999966,
        80.10866666666539,
        -2110.3656666666325
    ],
    "C": [
        [
            0.0005964462462844185,
            -9.211739001666678e-07,
            1.5763305507490624e-05
        ],
        [
            -1.1573398643476584e-06,
            0.0006037351040586055,
            3.881537441769146e-07
        ],
        [
            -3.851697134466662e-05,
            -3.2356391081574615e-05,
            0.0005895175306304627
        ]
    ],
    "o": [
        -0.1329121010477303,
        -0.047222673271787766,
        1.257425727446983
    ],
    "gyro_bias": [
        -153.461,
        69.446,
        992.782
    ],
    "gyro_scale": 65.5
}